FixationStartTime,FixationDuration
0.2153626,0.8837834
3.790911,0.1917999
6.010705,0.4773669
13.56155,0.1268587
49.54672,0.1280708
53.82621,0.1277733
