FixationStartTime,FixationDuration
13.73153,0.1116323
21.44353,0.1121368
54.59772,0.1108246
56.53317,0.1475563
67.98431,0.2571564
