FixationStartTime,FixationDuration
16.7797,0.1309929
17.10708,0.1608047
23.24072,0.2251434
42.96083,0.1284065
